{"cameraMode":{"drawMode":0,"name":"Shaded","section":"Shading Mode"},"sceneLighting":true,"audioPlay":false,"sceneViewState":{"m_AlwaysRefresh":false,"showFog":true,"showSkybox":true,"showFlares":true,"showImageEffects":true,"showParticleSystems":true,"showVisualEffectGraphs":true,"m_FxEnabled":true},"in2DMode":false,"pivot":{"x":0.182935893535614,"y":-24.442119598388673,"z":35.13317108154297},"rotation":{"x":0.31295081973075869,"y":-0.008252747356891632,"z":0.0027191194240003826,"w":0.9497331976890564},"size":37.092098236083987,"orthographic":false}